ISLA,ISLATXT,PROVINCIA,PROVINCIATXT,MUNICIPIO,MUNICIPIOTXT,AMBOSSEXOS_PERIODO_ENERO2008,AMBOSSEXOS_PERIODO_FEBRERO2008,AMBOSSEXOS_PERIODO_MARZO2008,AMBOSSEXOS_PERIODO_ABRIL2008,AMBOSSEXOS_PERIODO_MAYO2008,AMBOSSEXOS_PERIODO_JUNIO2008,AMBOSSEXOS_PERIODO_JULIO2008,AMBOSSEXOS_PERIODO_AGOSTO2008,AMBOSSEXOS_PERIODO_SEPTIEMBRE2008,AMBOSSEXOS_PERIODO_OCTUBRE2008,AMBOSSEXOS_PERIODO_NOVIEMBRE2008,AMBOSSEXOS_PERIODO_DICIEMBRE2008,AMBOSSEXOS_PERIODO_ENERO2009,AMBOSSEXOS_PERIODO_FEBRERO2009,AMBOSSEXOS_PERIODO_MARZO2009,AMBOSSEXOS_PERIODO_ABRIL2009,AMBOSSEXOS_PERIODO_MAYO2009,AMBOSSEXOS_PERIODO_JUNIO2009,AMBOSSEXOS_PERIODO_JULIO2009,AMBOSSEXOS_PERIODO_AGOSTO2009,AMBOSSEXOS_PERIODO_SEPTIEMBRE2009,AMBOSSEXOS_PERIODO_OCTUBRE2009,AMBOSSEXOS_PERIODO_NOVIEMBRE2009,AMBOSSEXOS_PERIODO_DICIEMBRE2009,AMBOSSEXOS_PERIODO_ENERO2010,AMBOSSEXOS_PERIODO_FEBRERO2010,AMBOSSEXOS_PERIODO_MARZO2010,AMBOSSEXOS_PERIODO_ABRIL2010,AMBOSSEXOS_PERIODO_MAYO2010,AMBOSSEXOS_PERIODO_JUNIO2010,AMBOSSEXOS_PERIODO_JULIO2010,AMBOSSEXOS_PERIODO_AGOSTO2010,AMBOSSEXOS_PERIODO_SEPTIEMBRE2010,AMBOSSEXOS_PERIODO_OCTUBRE2010,AMBOSSEXOS_PERIODO_NOVIEMBRE2010,AMBOSSEXOS_PERIODO_DICIEMBRE2010,AMBOSSEXOS_PERIODO_ENERO2011,AMBOSSEXOS_PERIODO_FEBRERO2011,AMBOSSEXOS_PERIODO_MARZO2011,AMBOSSEXOS_PERIODO_ABRIL2011,AMBOSSEXOS_PERIODO_MAYO2011,AMBOSSEXOS_PERIODO_JUNIO2011,AMBOSSEXOS_PERIODO_JULIO2011,AMBOSSEXOS_PERIODO_AGOSTO2011,AMBOSSEXOS_PERIODO_SEPTIEMBRE2011,AMBOSSEXOS_PERIODO_OCTUBRE2011,AMBOSSEXOS_PERIODO_NOVIEMBRE2011,AMBOSSEXOS_PERIODO_DICIEMBRE2011,AMBOSSEXOS_PERIODO_ENERO2012,AMBOSSEXOS_PERIODO_FEBRERO2012,AMBOSSEXOS_PERIODO_MARZO2012,AMBOSSEXOS_PERIODO_ABRIL2012,AMBOSSEXOS_PERIODO_MAYO2012,AMBOSSEXOS_PERIODO_JUNIO2012,AMBOSSEXOS_PERIODO_JULIO2012,AMBOSSEXOS_PERIODO_AGOSTO2012,AMBOSSEXOS_PERIODO_SEPTIEMBRE2012,AMBOSSEXOS_PERIODO_OCTUBRE2012,AMBOSSEXOS_PERIODO_NOVIEMBRE2012,AMBOSSEXOS_PERIODO_DICIEMBRE2012,AMBOSSEXOS_PERIODO_ENERO2013,AMBOSSEXOS_PERIODO_FEBRERO2013,AMBOSSEXOS_PERIODO_MARZO2013,AMBOSSEXOS_PERIODO_ABRIL2013,AMBOSSEXOS_PERIODO_MAYO2013,AMBOSSEXOS_PERIODO_JUNIO2013,AMBOSSEXOS_PERIODO_JULIO2013,AMBOSSEXOS_PERIODO_AGOSTO2013,AMBOSSEXOS_PERIODO_SEPTIEMBRE2013,AMBOSSEXOS_PERIODO_OCTUBRE2013,AMBOSSEXOS_PERIODO_NOVIEMBRE2013,AMBOSSEXOS_PERIODO_DICIEMBRE2013,AMBOSSEXOS_PERIODO_ENERO2014,AMBOSSEXOS_PERIODO_FEBRERO2014,AMBOSSEXOS_PERIODO_MARZO2014,AMBOSSEXOS_PERIODO_ABRIL2014,AMBOSSEXOS_PERIODO_MAYO2014,AMBOSSEXOS_PERIODO_JUNIO2014,AMBOSSEXOS_PERIODO_JULIO2014,AMBOSSEXOS_PERIODO_AGOSTO2014,AMBOSSEXOS_PERIODO_SEPTIEMBRE2014,AMBOSSEXOS_PERIODO_OCTUBRE2014,AMBOSSEXOS_PERIODO_NOVIEMBRE2014,AMBOSSEXOS_PERIODO_DICIEMBRE2014,AMBOSSEXOS_PERIODO_ENERO2015,AMBOSSEXOS_PERIODO_FEBRERO2015,AMBOSSEXOS_PERIODO_MARZO2015,AMBOSSEXOS_PERIODO_ABRIL2015,AMBOSSEXOS_PERIODO_MAYO2015,AMBOSSEXOS_PERIODO_JUNIO2015,AMBOSSEXOS_PERIODO_JULIO2015,AMBOSSEXOS_PERIODO_AGOSTO2015,AMBOSSEXOS_PERIODO_SEPTIEMBRE2015,AMBOSSEXOS_PERIODO_OCTUBRE2015,AMBOSSEXOS_PERIODO_NOVIEMBRE2015,AMBOSSEXOS_PERIODO_DICIEMBRE2015,AMBOSSEXOS_PERIODO_ENERO2016,AMBOSSEXOS_PERIODO_FEBRERO2016,AMBOSSEXOS_PERIODO_MARZO2016,AMBOSSEXOS_PERIODO_ABRIL2016,AMBOSSEXOS_PERIODO_MAYO2016,AMBOSSEXOS_PERIODO_JUNIO2016,AMBOSSEXOS_PERIODO_JULIO2016,AMBOSSEXOS_PERIODO_AGOSTO2016,AMBOSSEXOS_PERIODO_SEPTIEMBRE2016,AMBOSSEXOS_PERIODO_OCTUBRE2016,AMBOSSEXOS_PERIODO_NOVIEMBRE2016,AMBOSSEXOS_PERIODO_DICIEMBRE2016,AMBOSSEXOS_PERIODO_ENERO2017,AMBOSSEXOS_PERIODO_FEBRERO2017,AMBOSSEXOS_PERIODO_MARZO2017,AMBOSSEXOS_PERIODO_ABRIL2017,AMBOSSEXOS_PERIODO_MAYO2017,AMBOSSEXOS_PERIODO_JUNIO2017,AMBOSSEXOS_PERIODO_JULIO2017,AMBOSSEXOS_PERIODO_AGOSTO2017,AMBOSSEXOS_PERIODO_SEPTIEMBRE2017,AMBOSSEXOS_PERIODO_OCTUBRE2017,AMBOSSEXOS_PERIODO_NOVIEMBRE2017,AMBOSSEXOS_PERIODO_DICIEMBRE2017,AMBOSSEXOS_PERIODO_ENERO2018,AMBOSSEXOS_PERIODO_FEBRERO2018,AMBOSSEXOS_PERIODO_MARZO2018,AMBOSSEXOS_PERIODO_ABRIL2018,AMBOSSEXOS_PERIODO_MAYO2018,AMBOSSEXOS_PERIODO_JUNIO2018
3,Gran Canaria,35,Las Palmas,35001,Agaete,537,535,554,573,608,627,628,627,640,665,684,702,729,769,780,793,815,761,744,723,755,726,755,764,773,780,801,829,849,865,835,850,817,817,812,781,763,787,803,739,722,740,727,724,726,803,858,870,886,900,918,917,932,942,936,935,940,935,937,911,919,903,905,913,901,877,910,878,887,882,886,881,882,909,921,906,887,866,852,853,838,843,840,833,856,821,790,754,754,748,774,808,833,834,824,810,777,775,757,750,742,724,709,710,725,767,763,733,724,720,695,694,699,686,682,671,689,706,671,663,692,681,682,675,641,637,
3,Gran Canaria,35,Las Palmas,35002,Agüimes,2278,2375,2451,2582,2736,2807,2756,2759,2823,2931,3122,3209,3439,3667,3840,3934,3944,3970,3947,3900,3873,3817,3826,3820,3988,4003,4100,4197,4219,4283,4158,4161,4073,4020,3967,4019,4041,4026,4041,3991,4017,4020,4032,4020,4037,4153,4181,4233,4287,4377,4446,4602,4686,4609,4569,4548,4596,4459,4492,4439,4478,4543,4511,4624,4681,4689,4717,4524,4550,4549,4513,4295,4313,4476,4460,4504,4478,4543,4563,4550,4569,4400,4369,4146,4169,4109,4014,4189,4140,4164,3907,3869,3967,3938,3902,3911,4126,4100,4048,4023,4002,3941,3895,3724,3826,3771,3824,3630,3659,3686,3661,3633,3531,3552,3510,3509,3584,3572,3506,3466,3482,3438,3405,3420,3386,3341,
2,Fuerteventura,35,Las Palmas,35003,Antigua,604,608,661,683,710,729,689,664,727,783,806,821,846,875,922,954,940,932,876,882,907,875,888,896,937,923,912,936,943,902,865,848,955,977,924,918,965,945,945,890,924,903,908,908,917,942,1016,1002,1034,1020,1031,1045,1064,1071,1046,1029,1025,1054,1080,1067,1091,1098,1089,1101,1046,1031,1026,1035,1034,1039,1043,1005,1031,1040,1029,993,971,904,867,843,872,884,880,884,894,891,865,862,839,806,782,794,793,800,815,835,805,791,791,768,779,751,738,739,708,708,731,733,740,738,728,713,715,724,700,702,725,760,756,760,736,731,695,704,694,676,
6,Lanzarote,35,Las Palmas,35004,Arrecife,4544,4784,4922,5301,5415,5721,5816,5713,5855,6425,6842,6993,7430,8059,8652,9072,9337,9223,8965,8859,8898,8921,8808,8698,8859,9140,9126,9371,9441,9299,9052,8796,8830,8732,8683,8627,8696,8667,8598,8391,8393,8243,8146,8103,7947,8263,8546,8622,8964,9083,9197,9327,9543,9433,9400,9407,9340,9332,9326,9148,9313,9281,9277,9349,9300,9092,8892,8808,8739,8615,8591,8404,8339,8456,8449,8458,8348,8223,8123,7916,7806,7806,7773,7675,7726,7640,7520,7488,7413,7226,7058,6993,6996,7249,7349,7312,7319,7062,6967,6758,6748,6666,6557,6505,6381,6480,6580,6364,6364,6447,6465,6257,6155,6077,6024,5831,5990,6149,6155,6160,6129,6111,5993,6017,6063,5785,
3,Gran Canaria,35,Las Palmas,35005,Artenara,68,64,67,64,68,73,80,76,76,72,63,62,96,104,116,117,111,117,98,94,90,95,77,80,94,105,100,107,111,111,108,103,118,129,99,98,107,96,94,72,67,74,81,88,91,114,149,143,153,160,158,157,156,151,147,147,145,143,136,138,147,145,150,151,148,140,150,140,137,131,131,132,125,137,134,137,138,129,124,126,100,95,98,96,91,91,92,94,91,89,96,104,123,134,129,125,124,120,114,114,115,117,105,94,92,97,101,103,122,123,112,106,109,108,103,89,94,106,101,78,87,74,82,81,72,75,
3,Gran Canaria,35,Las Palmas,35006,Arucas,2965,3066,3136,3271,3337,3406,3444,3401,3492,3700,3898,3978,4158,4472,4658,4792,4804,4729,4707,4654,4788,4753,4759,4751,4801,4887,4997,5136,5036,5117,5091,5143,4920,4962,4948,4871,4898,5020,5047,4880,4824,4682,4750,4802,4772,5022,5131,5168,5381,5514,5653,5724,5751,5664,5683,5719,5682,5635,5695,5611,5692,5709,5767,5816,5835,5779,5858,5796,5731,5775,5724,5486,5561,5549,5521,5468,5389,5326,5328,5328,5312,5318,5356,5272,5291,5268,5224,5098,4976,4872,4841,4888,4878,5001,4997,4976,4938,4866,4828,4722,4641,4585,4503,4570,4563,4626,4608,4461,4491,4414,4432,4366,4246,4225,4274,4222,4358,4322,4251,4203,4263,4211,4172,4137,4045,3969,
2,Fuerteventura,35,Las Palmas,35007,Betancuria,41,44,48,42,49,44,43,42,40,44,40,43,38,39,37,39,41,42,49,44,42,45,46,53,54,66,66,60,60,64,55,50,59,63,43,36,39,48,53,40,44,47,47,47,48,62,85,85,90,91,87,85,88,87,85,81,85,80,83,80,82,81,85,87,84,81,80,81,79,79,77,75,70,70,73,61,65,68,61,66,63,63,63,68,66,64,66,66,64,60,66,62,62,61,63,55,52,57,55,60,55,54,47,45,49,53,47,46,52,51,48,44,45,44,43,44,42,44,49,40,39,40,39,41,40,48,
3,Gran Canaria,35,Las Palmas,35008,Firgas,586,602,612,627,624,637,667,671,671,683,698,718,742,804,830,857,880,876,885,873,865,867,877,872,872,908,954,979,966,956,985,982,946,944,931,903,923,954,968,932,896,891,898,880,915,952,1023,1022,1032,1077,1076,1083,1081,1080,1098,1109,1096,1079,1088,1083,1071,1084,1104,1131,1118,1114,1113,1115,1112,1125,1130,1075,1098,1071,1077,1072,1050,1028,1022,1041,1013,993,1004,993,958,953,953,928,922,921,921,924,914,936,909,891,909,882,887,877,864,859,875,866,849,893,889,887,905,882,858,821,831,831,811,824,837,830,824,791,785,772,772,764,758,727,
3,Gran Canaria,35,Las Palmas,35009,Gáldar,2210,2236,2325,2436,2475,2586,2505,2482,2504,2596,2740,2818,2932,3058,3195,3328,3278,3275,3268,3232,3184,3168,3191,3295,3366,3441,3451,3495,3518,3548,3516,3560,3318,3319,3339,3336,3379,3438,3463,3441,3302,3316,3321,3329,3319,3554,3674,3624,3693,3773,3825,3900,3988,3998,4012,3990,3943,3857,3879,3855,3935,3930,3896,3997,4037,4079,4058,3927,3935,3947,3979,3841,3852,3803,3840,3903,3830,3770,3681,3628,3615,3717,3734,3713,3673,3662,3617,3546,3492,3487,3464,3467,3426,3461,3447,3456,3347,3295,3307,3312,3283,3255,3174,3132,3153,3219,3249,3134,3160,3104,3114,3030,2993,2949,2957,2968,3047,2968,2930,2884,2866,2813,2785,2755,2717,2749,
6,Lanzarote,35,Las Palmas,35010,Haría,254,263,271,280,285,291,283,288,296,299,340,346,376,415,456,446,441,431,453,449,430,428,414,416,448,472,451,453,462,466,466,456,472,475,454,441,448,458,465,441,423,444,447,450,444,488,503,506,533,546,547,542,556,546,570,571,557,558,557,547,551,543,528,528,519,505,504,501,492,486,482,460,452,466,459,438,456,442,459,441,423,423,422,420,426,411,432,428,420,411,382,391,398,417,410,399,424,394,390,388,393,383,384,391,365,407,409,402,406,402,407,390,388,383,374,377,357,382,379,369,351,351,346,350,364,353,
3,Gran Canaria,35,Las Palmas,35011,Ingenio,2239,2311,2433,2602,2704,2769,2760,2748,2790,2871,3045,3138,3308,3525,3739,3932,3947,3858,3797,3738,3808,3727,3695,3779,3823,3918,4005,4148,4169,4240,4192,4144,4132,4174,4074,4118,4114,4168,4193,4085,4164,4094,4114,4082,4076,4244,4335,4351,4468,4526,4621,4783,4877,4800,4728,4792,4857,4811,4904,4792,4917,4908,4867,5026,5082,5051,4979,4857,4876,4727,4741,4617,4564,4597,4592,4621,4656,4541,4501,4400,4469,4425,4415,4344,4306,4322,4269,4295,4301,4245,4197,4170,4208,4240,4208,4190,4130,4058,3983,4046,4063,3985,3886,3798,3826,3830,3847,3721,3911,3924,3872,3785,3773,3724,3696,3674,3761,3752,3662,3666,3653,3546,3508,3528,3486,3460,
3,Gran Canaria,35,Las Palmas,35012,Mogán,341,356,382,388,446,455,452,411,426,470,510,518,531,551,570,567,574,541,543,537,525,533,544,567,610,621,628,647,624,628,644,631,617,586,564,561,561,566,567,550,519,534,548,529,533,577,642,627,633,639,660,694,694,697,694,664,663,645,653,654,626,637,647,662,666,647,659,640,635,651,665,651,655,633,633,618,605,612,616,600,587,583,584,573,589,584,543,536,522,561,550,538,530,539,549,554,555,527,527,534,532,531,525,494,500,503,530,533,530,520,519,481,478,478,467,459,462,480,482,484,488,469,475,462,466,479,
3,Gran Canaria,35,Las Palmas,35013,Moya,938,962,965,1111,1330,1421,1411,1380,1391,1377,1388,1408,1497,1563,1621,1816,1998,2036,1982,1911,1959,1901,1852,1829,1838,1830,1884,2075,2171,2172,2066,2011,2080,1944,1830,1768,1745,1720,1723,1729,1850,1874,1894,1842,1797,1718,1717,1706,1705,1758,1800,1981,2082,2066,2020,1920,1919,1792,1764,1756,1745,1738,1759,1956,1987,2006,1952,1853,1893,1759,1677,1674,1666,1668,1690,1805,1941,1954,1894,1782,1774,1643,1633,1635,1667,1666,1634,1804,1943,1931,1791,1724,1786,1661,1627,1632,1616,1598,1511,1645,1735,1709,1634,1568,1590,1525,1533,1508,1478,1468,1488,1541,1670,1649,1550,1526,1511,1479,1503,1504,1483,1428,1376,1505,1636,1540,
2,Fuerteventura,35,Las Palmas,35014,La Oliva,544,569,607,654,680,732,788,810,839,881,907,938,986,1058,1107,1102,1130,1130,1148,1133,1115,1104,1108,1098,1082,1122,1163,1209,1231,1277,1260,1272,1254,1266,1216,1132,1188,1192,1225,1217,1173,1205,1319,1327,1344,1319,1408,1427,1448,1485,1496,1508,1571,1541,1540,1566,1535,1553,1548,1526,1556,1580,1596,1606,1610,1589,1542,1510,1501,1518,1487,1440,1458,1454,1428,1395,1386,1363,1356,1363,1402,1393,1398,1367,1353,1344,1301,1279,1268,1243,1268,1270,1297,1319,1333,1289,1266,1256,1236,1234,1210,1196,1167,1167,1179,1213,1176,1166,1184,1152,1138,1098,1071,1028,1055,1068,1085,1083,1055,1065,1051,1005,984,969,958,962,
2,Fuerteventura,35,Las Palmas,35015,Pájara,625,638,665,646,671,707,710,699,698,750,801,776,835,892,935,985,980,946,938,943,964,949,969,981,1009,1041,1050,1070,1041,1046,1057,1053,1023,1035,978,981,999,1031,1016,976,950,930,961,965,954,1020,1068,1099,1120,1141,1145,1176,1182,1173,1195,1186,1180,1205,1191,1164,1191,1192,1199,1222,1233,1222,1218,1220,1189,1208,1165,1130,1160,1138,1126,1108,1103,1067,1089,1088,1063,1082,1076,1079,1054,1060,1061,1023,1007,962,957,982,975,1026,1018,1043,1012,1009,1008,998,994,961,917,941,922,944,946,915,945,904,911,898,893,885,864,891,942,913,883,844,874,836,836,814,820,792,
3,Gran Canaria,35,Las Palmas,35016,Las Palmas de Gran Canaria,642,673,723,731,776,815,862,880,918,975,1062,1114,1149,1202,1216,1266,1299,1286,1329,1303,1335,1335,1295,1298,1330,1386,1406,1433,1416,1436,1416,1399,1346,1364,1302,1297,1299,1336,1352,1335,1328,1330,1383,1399,1393,1419,1491,1507,1544,1567,1593,1612,1627,1626,1623,1610,1601,1593,1600,1579,1620,1661,1698,1738,1744,1710,1685,1634,1643,1650,1637,1575,1571,1607,1594,1587,1546,1508,1500,1505,1489,1539,1502,1490,1501,1441,1406,1372,1359,1341,1338,1368,1368,1394,1374,1363,1333,1325,1357,1354,1340,1334,1307,1224,1237,1240,1260,1252,1197,1187,1190,1153,1112,1100,1078,1110,1142,1131,1149,1169,1148,1099,1071,1068,1080,1062,
2,Fuerteventura,35,Las Palmas,35017,Puerto del Rosario,2357,2437,2457,2548,2565,2616,2602,2635,2800,2969,3107,3145,3290,3417,3600,3700,3761,3724,3688,3709,3853,3879,3856,3846,3836,3895,3924,3987,3995,3969,3898,3858,3897,3948,3710,3721,3804,3884,3891,3853,3784,3746,3785,3784,3865,3873,4089,3997,4051,4091,4207,4346,4445,4370,4390,4355,4311,4262,4267,4213,4214,4242,4268,4312,4313,4280,4288,4191,4151,4128,4081,3950,3997,4016,4033,4055,4110,4077,4034,4025,4043,4007,3937,3903,3927,3913,3875,3920,3912,3875,3806,3762,3834,3821,3785,3697,3687,3645,3648,3644,3594,3568,3459,3440,3470,3490,3482,3412,3511,3491,3537,3446,3379,3377,3356,3321,3388,3371,3339,3328,3254,3216,3179,3165,3177,3114,
6,Lanzarote,35,Las Palmas,35018,San Bartolomé,316,330,338,340,344,339,357,354,362,376,390,382,400,404,401,396,383,395,398,375,387,382,398,393,410,424,419,425,422,416,395,398,399,408,389,382,401,402,407,405,386,412,428,421,422,443,496,484,510,509,513,515,499,500,492,487,503,498,517,509,521,524,498,493,486,481,475,453,446,451,464,444,451,449,448,446,435,437,426,421,424,421,431,417,431,436,417,396,373,373,365,374,368,387,385,388,400,385,381,384,376,355,348,329,343,343,342,331,345,350,353,321,318,328,305,303,332,346,330,321,353,347,327,327,325,319,
3,Gran Canaria,35,Las Palmas,35019,San Bartolomé de Tirajana,981,1015,1102,1166,1177,1216,1217,1228,1273,1376,1494,1493,1576,1741,1843,1943,1993,1991,1988,1981,1996,1956,1931,1890,1916,1987,1971,2023,2057,2064,2015,1964,1984,1988,1960,1966,1983,1970,1958,1895,1873,1759,1805,1817,1801,1831,1926,1933,1996,2075,2110,2170,2235,2214,2194,2154,2169,2153,2111,2039,2131,2129,2118,2093,2115,2041,1994,1951,1945,1989,1975,1885,1890,1893,1923,1903,1887,1826,1831,1799,1805,1761,1770,1692,1703,1706,1691,1660,1641,1606,1582,1592,1562,1586,1566,1550,1572,1547,1506,1471,1492,1464,1447,1462,1433,1440,1399,1353,1375,1382,1389,1322,1287,1286,1293,1281,1292,1287,1315,1283,1318,1279,1248,1216,1208,1190,
3,Gran Canaria,35,Las Palmas,35020,La Aldea de San Nicolás,485,492,507,537,602,624,636,650,704,704,745,739,856,942,950,963,944,970,905,903,943,942,922,967,975,1034,1103,1110,1144,1138,1054,1052,1033,1064,988,992,990,1006,1018,946,942,987,917,919,897,975,1070,1079,1123,1157,1181,1182,1211,1234,1185,1195,1225,1169,1178,1144,1213,1211,1244,1246,1271,1286,1240,1166,1171,1203,1243,1239,1212,1179,1195,1211,1244,1204,1129,1152,1165,1198,1174,1146,1139,1153,1109,1093,1050,1066,982,1004,1037,1091,1080,1064,1042,1044,1031,1010,1000,1007,949,892,946,920,963,946,937,897,878,890,894,932,907,869,881,839,869,843,842,809,816,813,784,825,
3,Gran Canaria,35,Las Palmas,35021,Santa Brígida,990,1015,1027,1049,1063,1106,1123,1125,1145,1185,1223,1270,1328,1404,1455,1505,1521,1519,1559,1588,1619,1617,1590,1561,1580,1610,1627,1668,1686,1678,1676,1701,1660,1688,1626,1645,1684,1683,1684,1640,1592,1559,1644,1619,1617,1676,1762,1745,1802,1843,1887,1906,1913,1902,1900,1940,1953,1933,1932,1936,1955,1947,1929,1942,1920,1906,1938,1918,1922,1912,1921,1870,1842,1825,1839,1829,1789,1745,1766,1727,1733,1747,1751,1723,1665,1672,1672,1635,1650,1613,1611,1636,1593,1600,1581,1538,1542,1549,1562,1547,1539,1523,1513,1517,1524,1516,1529,1487,1483,1459,1484,1455,1415,1377,1403,1414,1432,1432,1419,1360,1351,1310,1328,1309,1325,1284,
3,Gran Canaria,35,Las Palmas,35022,Santa Lucía de Tirajana,5543,5686,5795,6228,6475,6707,6568,6459,6632,6907,7373,7588,8266,8696,9124,9493,9718,9778,9618,9329,9468,9300,9337,9344,9623,9724,9922,10310,10388,10482,10233,10177,10156,10164,9901,9927,9923,9888,9963,9929,10016,9756,9621,9520,9642,9871,10035,10011,10362,10525,10833,11253,11541,11440,11233,11034,11179,10975,10916,10871,11020,11006,11022,11427,11564,11432,11235,11038,11033,10907,10755,10508,10607,10497,10652,10848,10862,10737,10520,10428,10637,10320,10302,10057,10135,10076,10030,10303,10178,9938,9671,9484,9600,9630,9559,9510,9376,9356,9250,9394,9411,9302,8985,8768,8948,8979,9106,8789,9009,8827,8779,8687,8738,8661,8381,8349,8525,8527,8477,8449,8484,8403,8429,8513,8575,8337,
3,Gran Canaria,35,Las Palmas,35023,Santa María de Guía de Gran Canaria,1226,1248,1272,1316,1323,1336,1376,1369,1376,1448,1517,1541,1597,1718,1761,1835,1840,1804,1823,1805,1814,1798,1768,1780,1796,1852,1925,1929,1901,1929,1928,1945,1803,1843,1779,1807,1850,1867,1862,1799,1736,1751,1783,1782,1766,1881,1940,1939,2016,2083,2146,2202,2203,2197,2222,2187,2168,2131,2157,2132,2163,2185,2188,2216,2227,2197,2196,2180,2190,2180,2197,2142,2128,2110,2133,2157,2140,2098,2106,2119,2076,2113,2119,2085,2041,2034,2011,1955,1909,1861,1895,1849,1887,1966,1969,1956,1877,1891,1881,1844,1821,1762,1778,1719,1756,1804,1863,1769,1792,1759,1728,1685,1664,1636,1647,1608,1677,1654,1649,1573,1553,1548,1490,1475,1471,1484,
6,Lanzarote,35,Las Palmas,35024,Teguise,833,881,903,958,985,1008,1026,1030,1033,1111,1178,1185,1251,1407,1499,1575,1646,1636,1566,1558,1593,1597,1543,1517,1599,1717,1702,1723,1711,1732,1728,1712,1764,1772,1735,1726,1699,1740,1729,1657,1621,1599,1611,1626,1574,1632,1713,1720,1823,1798,1809,1850,1942,1901,1897,1886,1874,1850,1857,1819,1891,1920,1935,1945,1899,1864,1840,1787,1744,1730,1742,1650,1688,1739,1724,1681,1625,1595,1588,1554,1510,1521,1504,1487,1510,1515,1452,1433,1432,1425,1433,1424,1427,1485,1492,1480,1471,1487,1432,1366,1357,1343,1328,1334,1239,1271,1274,1219,1237,1252,1302,1244,1219,1203,1199,1183,1159,1199,1183,1160,1166,1174,1170,1186,1162,1133,
3,Gran Canaria,35,Las Palmas,35025,Tejeda,66,73,76,89,116,124,119,109,109,101,108,106,95,103,109,112,115,108,110,107,108,98,91,107,121,127,128,133,129,129,124,124,127,135,116,130,143,158,153,122,116,126,131,122,119,162,177,180,182,175,172,179,182,184,174,173,176,170,154,158,168,176,181,190,197,194,183,163,162,190,184,183,166,180,173,172,187,185,187,180,165,174,176,174,161,159,189,172,172,169,175,165,168,168,184,179,174,172,165,167,168,175,156,153,147,152,151,159,172,164,170,158,149,155,146,140,154,177,169,148,145,142,148,139,133,137,
3,Gran Canaria,35,Las Palmas,35026,Telde,8834,9166,9558,10038,10310,10543,10773,10735,10945,11456,11963,12260,12956,13732,14352,14793,14922,14822,14625,14593,14529,14697,14691,14868,15091,15323,15572,15767,15636,15689,15581,15399,14757,14734,14537,14649,14989,15079,15045,14940,14746,14509,14605,14563,14666,15030,15228,15174,15511,15912,16215,16469,16724,16700,16741,16687,16670,16707,16844,16585,16837,17117,17238,17264,17317,17145,17192,16955,16884,16931,16855,16314,16463,16321,16422,16366,16241,15926,15842,15776,15652,15804,15717,15648,15332,15306,15289,15299,15143,14991,14776,14666,14640,14855,14861,14688,14567,14412,14375,14206,13902,13746,13570,13555,13708,13922,13907,13519,13558,13493,13371,13263,13014,12819,12681,12564,12890,12723,12314,12145,12328,12439,12259,12210,11946,11810,
3,Gran Canaria,35,Las Palmas,35027,Teror,810,818,828,859,889,892,941,929,959,970,1034,1025,1095,1153,1197,1228,1239,1214,1233,1217,1217,1207,1193,1249,1264,1309,1364,1401,1402,1394,1436,1406,1336,1300,1253,1253,1266,1324,1317,1257,1257,1255,1289,1273,1233,1318,1397,1413,1453,1474,1485,1495,1535,1531,1537,1524,1518,1544,1532,1519,1531,1579,1580,1582,1574,1557,1559,1535,1511,1529,1516,1478,1473,1470,1501,1496,1453,1414,1424,1399,1409,1453,1469,1423,1418,1426,1440,1375,1355,1320,1333,1344,1337,1333,1366,1376,1331,1324,1329,1294,1275,1246,1258,1289,1302,1318,1335,1299,1298,1247,1283,1250,1208,1234,1239,1249,1317,1310,1294,1281,1269,1239,1215,1211,1163,1172,
6,Lanzarote,35,Las Palmas,35028,Tías,926,944,947,1049,1041,1074,1073,1059,1080,1209,1325,1338,1426,1534,1643,1708,1753,1729,1674,1633,1638,1656,1665,1652,1640,1699,1727,1762,1759,1719,1696,1641,1681,1687,1669,1658,1646,1641,1634,1582,1562,1525,1499,1506,1442,1521,1567,1590,1637,1680,1724,1766,1815,1800,1818,1769,1802,1766,1774,1738,1753,1764,1748,1768,1797,1765,1730,1646,1606,1562,1565,1537,1550,1534,1554,1522,1544,1519,1490,1484,1498,1495,1517,1476,1476,1489,1460,1477,1467,1414,1349,1320,1340,1339,1368,1344,1346,1305,1274,1250,1244,1241,1175,1178,1166,1164,1178,1138,1156,1186,1221,1172,1182,1158,1139,1107,1145,1184,1180,1142,1141,1137,1135,1102,1055,1058,
6,Lanzarote,35,Las Palmas,35029,Tinajo,295,309,324,344,351,386,376,383,401,433,464,443,477,520,567,588,627,622,622,600,599,600,607,517,573,591,588,599,594,699,665,631,634,631,608,622,574,587,571,532,538,565,633,611,598,531,568,578,618,638,662,680,776,781,770,765,747,733,733,724,722,720,734,733,729,729,725,702,654,653,658,639,634,630,645,646,610,601,593,608,554,564,568,549,553,553,548,544,518,530,515,489,505,525,523,532,535,535,522,503,511,494,479,485,481,488,482,477,490,477,470,448,454,445,427,417,454,444,426,420,417,418,414,432,431,408,
2,Fuerteventura,35,Las Palmas,35030,Tuineje,1061,1061,1109,1159,1208,1185,1149,1092,1132,1241,1258,1285,1379,1444,1475,1542,1585,1477,1388,1366,1363,1374,1333,1409,1461,1478,1440,1517,1534,1470,1425,1369,1485,1529,1507,1516,1530,1411,1405,1405,1455,1413,1374,1360,1379,1389,1514,1572,1637,1656,1633,1731,1790,1723,1688,1660,1671,1703,1724,1769,1819,1806,1792,1890,1892,1795,1674,1587,1578,1547,1488,1582,1623,1629,1572,1582,1556,1471,1473,1419,1443,1457,1456,1477,1544,1497,1447,1409,1423,1344,1269,1288,1271,1263,1275,1304,1350,1249,1241,1271,1260,1243,1186,1182,1148,1121,1152,1179,1244,1192,1176,1149,1147,1124,1075,1076,1118,1104,1108,1112,1169,1179,1113,1156,1160,1073,
3,Gran Canaria,35,Las Palmas,35031,Valsequillo de Gran Canaria,598,590,613,632,678,710,702,708,738,796,845,848,870,930,957,981,990,993,1021,1013,989,1018,1043,1043,1045,1052,1067,1085,1085,1080,1062,1075,1053,1052,1030,1019,1023,1043,1026,937,918,937,987,985,1008,1082,1128,1132,1142,1161,1175,1181,1203,1237,1255,1254,1244,1217,1225,1190,1234,1242,1249,1245,1238,1246,1265,1218,1203,1204,1208,1167,1173,1180,1170,1174,1160,1142,1169,1187,1138,1166,1174,1155,1107,1112,1131,1101,1079,1060,1071,1077,1064,1086,1084,1059,1050,1061,1030,1044,1034,1022,985,999,1005,1020,1023,952,988,959,962,954,964,926,934,954,938,930,923,903,898,888,886,894,901,893,
3,Gran Canaria,35,Las Palmas,35032,Valleseco,257,262,263,257,266,281,286,289,272,270,295,327,363,396,410,413,399,388,372,377,387,360,386,374,380,427,429,435,431,444,420,434,417,434,407,387,384,395,407,389,374,376,402,385,380,429,465,459,475,484,493,505,491,491,486,488,475,480,489,464,473,469,469,480,479,472,482,464,474,453,446,421,449,458,459,457,454,446,460,453,425,437,443,449,430,430,421,399,390,386,385,380,384,430,431,427,443,428,417,409,408,419,400,386,399,414,416,406,401,401,389,380,377,369,382,390,399,392,377,369,358,356,359,340,341,340,
3,Gran Canaria,35,Las Palmas,35033,Vega de San Mateo,567,581,586,612,618,629,637,620,620,654,688,689,737,788,830,852,845,833,848,821,815,832,856,852,884,924,936,955,960,933,935,939,897,916,917,932,913,905,914,859,839,835,869,869,854,938,998,1015,1041,1043,1028,1047,1038,1008,1025,1025,1021,1002,999,986,965,971,992,1021,1017,1007,995,993,968,990,987,959,941,940,966,952,912,920,935,910,931,914,925,887,836,831,836,800,793,777,813,808,797,807,841,831,837,849,834,821,803,807,817,787,790,796,803,777,794,780,788,765,756,746,740,756,775,773,753,703,700,683,712,677,671,676,
6,Lanzarote,35,Las Palmas,35034,Yaiza,660,678,669,697,723,736,721,762,841,905,1006,1031,1134,1227,1264,1308,1367,1270,1178,1091,1152,1204,1197,1197,1283,1321,1269,1316,1311,1228,1122,1072,1167,1195,1214,1203,1235,1152,1158,1117,1185,1102,1022,1007,1011,1048,1145,1160,1269,1246,1228,1264,1285,1195,1168,1177,1183,1187,1274,1236,1315,1295,1256,1310,1326,1268,1197,1189,1182,1167,1180,1137,1181,1196,1195,1168,1206,1130,1047,1040,1068,1084,1116,1116,1175,1156,1099,1111,1146,1109,1010,968,1011,1054,1104,1108,1108,1069,1060,1036,1040,1027,969,935,920,898,880,896,909,947,930,880,895,872,852,824,825,836,880,863,893,890,838,849,890,889,
7,Tenerife,38,Santa Cruz de Tenerife,38001,Adeje,1724,1783,1768,1902,1982,2103,2116,2110,2154,2331,2497,2538,2876,3088,3297,3457,3630,3660,3607,3528,3622,3708,3737,3665,3674,3684,3715,3788,3868,3773,3649,3578,3893,3852,3805,3655,3764,3742,3751,3590,3665,3672,3669,3613,3648,3606,3726,3665,3796,3866,3896,3914,4016,3957,3916,3883,3821,3753,3755,3673,3690,3719,3689,3759,3836,3799,3667,3629,3581,3556,3559,3365,3345,3361,3408,3388,3472,3472,3489,3389,3358,3316,3345,3291,3324,3315,3313,3393,3351,3250,3118,3092,3119,3240,3289,3296,3394,3320,3313,3308,3352,3245,3126,3077,2998,2913,2998,2944,2999,3048,3119,3018,3011,3019,3005,2886,2923,2990,3000,3013,2942,2846,2869,2926,3011,2938,
4,La Gomera,38,Santa Cruz de Tenerife,38002,Agulo,70,70,72,65,39,39,40,42,44,47,53,67,74,79,72,92,55,50,46,40,43,46,78,84,84,91,99,98,99,60,36,34,34,39,27,72,93,83,66,50,31,44,61,57,62,90,121,129,131,137,138,134,133,138,138,134,135,114,115,117,121,116,140,144,144,135,146,121,94,97,94,97,120,132,125,130,110,105,86,93,91,74,85,92,112,117,101,71,50,59,64,68,71,114,110,129,133,131,127,140,137,92,94,56,53,59,60,117,130,137,142,126,104,99,74,43,42,60,61,54,97,123,120,103,98,98,
4,La Gomera,38,Santa Cruz de Tenerife,38003,Alajeró,118,129,108,106,114,120,117,113,116,132,144,143,150,143,138,144,127,125,118,113,118,128,138,147,152,175,163,177,166,144,115,108,116,124,129,189,176,181,162,114,89,97,110,118,122,189,204,204,214,200,195,197,192,198,189,182,183,193,197,186,175,191,186,214,217,233,220,203,183,162,141,167,179,196,182,202,188,172,157,155,134,128,151,170,192,190,190,150,127,105,94,94,120,161,165,186,191,196,181,184,185,145,146,132,123,119,116,155,170,181,167,160,152,156,127,104,109,110,115,124,129,142,137,136,150,154,
7,Tenerife,38,Santa Cruz de Tenerife,38004,Arafo,340,347,361,377,392,393,401,404,413,438,461,484,524,536,560,581,587,571,573,562,545,542,550,541,565,565,580,596,590,630,627,628,610,618,617,611,607,636,639,633,641,656,655,676,668,674,681,697,704,699,730,731,735,738,752,756,743,727,746,738,719,734,750,756,748,742,749,776,753,764,746,712,728,722,714,728,737,710,726,724,720,723,718,717,724,711,671,656,651,647,648,641,628,645,683,679,669,668,649,656,628,601,612,604,608,599,591,586,605,590,598,573,571,567,576,568,556,585,577,555,551,548,548,554,544,517,
7,Tenerife,38,Santa Cruz de Tenerife,38005,Arico,362,365,386,408,405,435,447,445,470,515,567,582,629,672,710,719,730,752,750,731,727,752,740,778,792,814,814,817,845,823,809,789,773,789,758,774,798,791,779,755,729,754,744,743,736,743,841,864,873,885,891,890,912,912,916,899,876,858,859,895,886,897,884,890,888,879,902,876,866,870,888,857,861,848,865,862,832,831,825,818,816,830,824,833,849,826,800,750,735,752,723,693,690,701,713,711,708,734,746,751,719,721,688,677,668,669,679,632,617,623,639,627,612,595,587,599,594,605,615,612,631,630,625,634,624,609,
7,Tenerife,38,Santa Cruz de Tenerife,38006,Arona,3896,4093,4199,4506,4711,4828,4868,4934,5171,5598,6057,6303,7038,7501,8020,8330,8683,8715,8651,8609,8662,8740,8733,8721,8786,8799,8854,9096,9137,9044,8668,8486,8884,8793,8716,8558,8665,8748,8710,8488,8469,8451,8245,8097,8090,8105,8466,8511,8728,8863,8937,9105,9298,9143,8971,8839,8821,8781,8888,8890,8969,8949,8800,9006,9186,9031,8856,8637,8437,8350,8366,8312,8386,8268,8400,8421,8438,8404,8375,8252,8246,8027,8081,8029,8301,8345,8304,8257,8139,8042,7733,7606,7551,7680,7875,7850,7833,7777,7719,7825,7919,7765,7515,7406,7284,7255,7482,7489,7608,7663,7716,7483,7293,7288,7147,7034,6961,7135,7277,7109,7097,7032,7130,7126,7361,7137,
5,La Palma,38,Santa Cruz de Tenerife,38007,Barlovento,185,183,186,184,185,185,190,185,177,174,192,180,185,193,186,194,190,198,208,196,200,206,211,205,225,226,225,221,214,221,220,228,230,237,211,204,205,212,195,189,176,190,203,195,189,198,214,226,235,247,243,251,245,248,253,244,247,238,246,258,260,267,255,249,244,240,238,240,240,255,256,261,254,250,252,252,241,244,242,240,236,225,227,233,236,231,223,221,213,209,203,210,204,210,219,220,221,216,220,215,211,216,195,194,180,175,166,160,181,185,174,169,177,176,160,164,174,175,177,168,196,193,197,192,182,168,
5,La Palma,38,Santa Cruz de Tenerife,38008,Breña Alta,528,544,557,576,574,584,581,570,566,621,654,662,714,745,790,787,762,772,783,774,762,754,744,731,772,767,788,793,792,793,760,767,729,746,735,693,750,788,795,760,737,745,781,761,761,767,794,812,855,876,890,900,932,945,922,913,902,929,946,921,957,955,974,1000,990,978,966,937,946,990,1004,959,983,973,986,982,960,960,919,929,914,922,914,898,891,901,876,855,833,811,812,835,872,871,872,835,830,841,840,829,819,825,811,772,772,771,747,746,765,770,778,764,751,744,723,755,768,740,720,684,701,688,699,713,736,737,
5,La Palma,38,Santa Cruz de Tenerife,38009,Breña Baja,341,353,336,360,350,350,347,338,368,406,402,396,429,435,460,466,453,455,483,473,477,472,478,506,488,502,508,513,513,514,510,504,475,456,440,437,465,480,502,490,493,485,523,515,521,552,582,576,617,632,651,659,663,664,646,650,652,656,662,637,672,660,679,686,681,677,688,663,664,677,685,651,667,673,688,668,675,666,654,649,629,641,630,606,604,595,605,560,555,550,571,591,590,598,613,597,597,596,600,606,600,587,532,533,547,560,538,519,555,521,528,528,527,536,525,554,577,548,533,516,501,499,497,512,505,486,
7,Tenerife,38,Santa Cruz de Tenerife,38010,Buenavista del Norte,409,407,416,417,470,471,510,518,497,495,540,564,603,631,642,647,636,620,626,622,623,620,633,617,645,668,678,681,700,656,646,617,609,612,576,568,596,608,592,582,587,621,615,608,598,610,651,662,689,699,722,718,728,709,700,701,718,680,699,698,699,714,703,720,713,727,730,697,670,676,677,652,641,634,644,619,629,600,640,621,592,623,626,608,616,613,630,618,626,617,608,578,592,609,600,588,605,599,586,587,593,564,563,544,541,547,582,579,560,554,530,517,522,527,515,504,545,514,532,557,566,541,531,520,525,511,
7,Tenerife,38,Santa Cruz de Tenerife,38011,Candelaria,1238,1341,1360,1419,1457,1467,1484,1505,1583,1715,1801,1843,1991,2093,2184,2244,2306,2351,2348,2379,2452,2389,2410,2420,2404,2455,2535,2549,2568,2619,2600,2621,2558,2561,2518,2499,2491,2564,2524,2500,2444,2519,2494,2539,2563,2656,2752,2715,2856,2916,3026,3051,3123,3077,3088,3128,3102,3069,3116,3054,3079,3084,3065,3131,3116,3073,3019,3028,3033,3036,3054,2921,2946,2917,2953,2956,2904,2815,2841,2834,2849,2825,2811,2742,2729,2724,2728,2699,2674,2631,2654,2635,2592,2634,2701,2725,2640,2564,2541,2543,2488,2492,2468,2421,2447,2541,2573,2473,2465,2477,2432,2395,2325,2257,2309,2343,2361,2450,2456,2454,2354,2360,2301,2260,2230,2206,
7,Tenerife,38,Santa Cruz de Tenerife,38012,Fasnia,131,145,153,163,167,156,162,162,179,200,195,187,199,208,216,215,219,234,230,236,246,245,262,227,239,232,228,228,240,272,276,275,278,298,280,256,242,245,243,233,232,244,274,289,286,283,325,326,337,342,362,359,389,376,375,373,371,363,390,384,377,376,386,383,394,383,381,361,355,359,366,350,353,357,352,352,354,347,334,341,345,336,334,323,316,311,314,308,316,317,300,290,289,297,296,299,306,288,294,286,286,262,255,259,259,265,272,277,285,285,284,266,265,245,246,229,236,260,256,244,252,255,252,245,245,249,
1,El Hierro,38,Santa Cruz de Tenerife,38013,Frontera,334,350,257,247,250,246,236,240,242,260,266,276,317,310,331,338,326,340,353,330,324,310,302,302,349,349,326,318,340,356,353,376,383,410,380,394,397,411,385,319,342,374,407,403,395,448,489,458,495,507,519,539,539,539,539,536,537,505,525,502,502,494,505,527,516,495,476,454,444,437,446,465,461,465,473,491,493,494,485,474,435,432,446,421,418,398,354,376,371,389,366,366,408,444,465,452,451,434,430,433,431,426,387,405,412,416,414,403,410,411,396,360,332,310,339,342,341,346,358,351,338,338,320,328,314,278,
5,La Palma,38,Santa Cruz de Tenerife,38014,Fuencaliente de la Palma,132,121,114,122,132,146,129,122,131,130,146,132,147,156,147,143,131,154,149,147,146,146,154,137,133,151,116,118,124,135,123,118,166,173,160,162,157,161,157,142,132,124,132,132,131,135,147,141,156,155,161,174,179,177,186,176,184,185,184,177,177,181,189,193,193,190,199,179,181,177,168,165,154,152,157,155,159,151,154,157,156,152,151,156,158,138,139,139,127,140,134,155,154,151,155,155,156,146,150,163,158,151,153,147,145,135,125,146,155,154,149,131,144,148,130,127,124,135,130,117,135,134,142,146,146,155,
7,Tenerife,38,Santa Cruz de Tenerife,38015,Garachico,362,374,363,400,475,498,501,482,510,532,536,570,606,631,647,665,653,662,669,676,664,667,679,668,669,663,699,689,691,708,680,691,677,652,606,591,592,606,619,592,587,609,643,633,640,695,694,694,722,732,729,737,736,718,721,701,701,685,689,687,699,701,698,702,701,708,716,697,693,668,662,675,644,636,642,629,641,618,628,624,626,620,633,634,660,641,601,612,587,590,578,563,583,581,578,585,583,559,557,564,569,558,556,540,531,544,538,547,550,563,553,519,512,521,527,516,496,523,531,525,483,482,469,469,484,494,
5,La Palma,38,Santa Cruz de Tenerife,38016,Garafía,132,132,132,121,121,113,128,121,123,121,136,104,121,129,132,136,134,147,136,132,123,131,147,154,151,157,164,177,174,174,163,162,150,152,163,135,138,146,146,130,117,125,142,133,134,120,148,149,154,152,146,151,173,172,170,171,160,165,166,169,170,167,174,177,181,187,174,158,155,169,170,167,153,161,169,168,163,155,161,150,157,175,175,183,183,179,173,148,153,151,149,153,150,188,198,191,196,192,187,188,190,195,165,149,148,148,157,166,184,188,171,161,165,157,148,143,161,171,168,165,164,161,153,150,145,129,
7,Tenerife,38,Santa Cruz de Tenerife,38017,Granadilla de Abona,2518,2642,2802,2987,3199,3358,3401,3476,3653,3841,4096,4227,4635,4965,5222,5413,5528,5621,5606,5560,5601,5620,5642,5763,5659,5688,5751,5864,5898,5922,5798,5685,5840,5802,5688,5676,5681,5754,5744,5521,5591,5629,5623,5444,5440,5431,5715,5715,5854,5943,5947,5996,6047,5962,5958,5825,5744,5699,5738,5701,5818,5874,5749,5800,5894,5867,5747,5612,5579,5568,5560,5374,5401,5354,5461,5409,5417,5263,5268,5185,5264,5213,5276,5221,5256,5204,5159,5109,5011,4937,4766,4654,4646,4792,4895,4849,4927,4891,4939,4894,4954,4827,4714,4644,4623,4711,4837,4705,4780,4759,4844,4704,4727,4577,4387,4419,4445,4447,4436,4404,4411,4464,4459,4454,4522,4398,
7,Tenerife,38,Santa Cruz de Tenerife,38018,La Guancha,420,421,444,459,513,533,544,541,578,606,629,650,695,729,727,723,707,737,710,697,692,703,707,706,731,743,776,782,769,761,730,724,752,770,715,699,704,741,721,725,697,683,709,719,737,747,786,782,815,818,816,846,859,830,843,844,855,843,855,849,832,826,843,847,857,838,838,805,799,830,821,810,821,834,832,820,846,826,788,768,765,752,758,752,751,740,720,700,692,692,667,669,702,719,700,702,703,686,686,689,682,663,650,642,636,636,634,635,659,632,633,593,591,586,579,591,603,597,603,601,578,584,581,567,573,557,
7,Tenerife,38,Santa Cruz de Tenerife,38019,Guía de Isora,901,955,973,1115,1212,1261,1330,1384,1475,1587,1681,1682,1868,1952,2058,2106,2220,2172,2148,2125,2147,2181,2195,2227,2302,2349,2347,2390,2407,2406,2287,2292,2325,2297,2262,2201,2181,2127,2113,2055,2090,2148,2204,2142,2159,2091,2198,2226,2248,2193,2241,2247,2377,2332,2345,2347,2257,2223,2262,2236,2267,2274,2277,2356,2377,2355,2253,2285,2269,2299,2298,2223,2200,2157,2229,2237,2284,2247,2230,2205,2177,2160,2167,2111,2045,2056,2061,2067,2022,1973,1920,1865,1814,1885,1926,1992,2019,1957,1922,1976,1992,1960,1864,1828,1839,1824,1890,1882,1894,1821,1907,1768,1773,1759,1739,1707,1716,1758,1741,1753,1760,1715,1688,1660,1743,1740,
7,Tenerife,38,Santa Cruz de Tenerife,38020,Güímar,1255,1323,1372,1444,1490,1551,1597,1558,1640,1764,1884,1940,2050,2190,2323,2402,2427,2430,2435,2474,2490,2466,2462,2485,2471,2518,2562,2600,2594,2645,2645,2616,2552,2626,2565,2565,2532,2622,2617,2591,2570,2606,2663,2682,2672,2713,2904,2922,2959,2962,2989,3050,3103,3129,3150,3133,3108,3110,3134,3129,3129,3124,3111,3132,3123,3126,3133,3027,3000,2997,3031,2965,2832,2833,2876,2874,2842,2796,2849,2845,2826,2842,2823,2796,2748,2736,2731,2619,2598,2584,2549,2514,2484,2589,2658,2690,2679,2608,2582,2579,2520,2524,2465,2434,2426,2503,2530,2464,2483,2441,2422,2354,2274,2265,2259,2296,2302,2339,2331,2310,2238,2246,2214,2189,2195,2134,
4,La Gomera,38,Santa Cruz de Tenerife,38021,Hermigua,176,179,176,128,124,133,170,160,160,205,205,163,183,173,180,178,145,140,154,157,154,153,170,188,214,214,227,231,232,188,188,166,178,194,155,210,198,194,191,186,138,143,182,184,189,204,284,295,332,324,318,324,325,314,331,322,330,320,311,301,315,307,302,325,317,319,316,274,256,245,253,271,303,314,307,297,272,267,239,238,232,217,232,242,273,278,263,215,182,162,148,154,170,231,239,273,280,296,290,292,295,226,203,180,168,174,176,242,285,268,264,234,228,220,172,134,139,153,163,155,184,218,210,210,219,214,
7,Tenerife,38,Santa Cruz de Tenerife,38022,Icod de los Vinos,2123,2173,2202,2258,2480,2587,2704,2729,2847,3025,3135,3152,3263,3318,3439,3527,3594,3583,3621,3577,3517,3519,3532,3514,3543,3557,3713,3793,3835,3894,3817,3833,3713,3769,3658,3591,3605,3665,3711,3632,3563,3630,3684,3663,3582,3649,3780,3753,3903,4020,4074,4107,4121,4085,4097,4088,4061,3957,3971,3938,3961,3956,3980,4040,4100,4131,4076,3945,3885,3943,3948,3812,3792,3709,3746,3703,3731,3697,3649,3633,3643,3661,3611,3487,3435,3420,3348,3205,3228,3224,3203,3124,3159,3230,3201,3242,3161,3106,3109,3085,3026,3037,2993,2954,2910,2936,2929,2895,2925,2868,2855,2761,2767,2766,2756,2758,2793,2746,2759,2824,2764,2756,2713,2665,2686,2655,
7,Tenerife,38,Santa Cruz de Tenerife,38023,San Cristobal de La Laguna,3471,3510,3596,3894,4333,4490,4406,4375,4477,4670,4794,4908,5219,5512,5777,6017,6251,6298,6201,6117,6226,6161,6130,6071,6128,6121,6186,6440,6520,6576,6343,6139,6220,6137,6174,6082,6071,6084,6049,5918,6026,5985,5972,5685,5811,5745,5764,5794,5875,5982,6118,6337,6483,6368,6200,6118,6195,6206,6072,5983,6096,6092,6117,6364,6518,6398,6236,6141,6108,5928,5862,5724,5736,5817,5833,5986,5984,5946,5808,5729,5797,5717,5676,5525,5563,5543,5530,5741,5744,5633,5407,5315,5452,5388,5319,5237,5204,5222,5092,5318,5358,5357,5056,5087,5169,5087,5189,5040,4952,4957,4988,4966,5075,4998,4941,4914,4917,4953,4882,4775,4844,4774,4799,4882,4989,5021,
5,La Palma,38,Santa Cruz de Tenerife,38024,Los Llanos de Aridane,32695,34161,35187,36394,36892,37536,37096,37491,38095,39787,41229,41758,43928,46197,48215,49826,50346,49775,49569,50258,51176,50719,50772,50527,51488,52180,52780,53206,52854,52831,53316,53228,51359,51304,51119,50421,51124,51973,52128,51830,51156,49524,49765,49651,49531,50762,51315,51001,52468,53568,54508,55185,55496,54954,55004,55169,55252,55341,55259,54336,55379,55820,55956,56381,56235,55620,55763,55521,55074,55284,55193,53141,53749,53672,53858,53566,52871,51989,51570,51493,51240,51661,51608,50692,50181,50380,50533,49926,49481,48776,48360,48259,47767,48154,48335,48138,47408,47276,47515,47287,46617,46303,46131,46103,46150,46542,46793,45405,45495,45199,45459,44884,44236,43656,43224,43023,43672,43925,43066,42003,41675,41715,41769,41366,41115,40348,
7,Tenerife,38,Santa Cruz de Tenerife,38025,La Matanza de Acentejo,10451,10821,11161,11707,11929,12212,12342,12399,12429,12856,13408,13541,14275,14954,15792,16381,16530,16409,16403,16656,16761,17050,17142,16936,17404,17784,18189,18448,18274,18253,18309,18192,18443,18607,18598,18290,18685,19126,19123,19036,18888,18833,19029,18926,18744,19288,19450,19281,20015,20405,20757,21113,21388,21348,21394,21260,21300,21445,21615,21283,21670,21919,21881,21993,21765,21499,21442,21444,21124,21333,21337,20440,20726,20552,20786,20721,20440,20250,20303,20347,20262,20280,20061,19548,19193,19162,19152,18804,18763,18567,18172,18141,17746,18507,18631,18498,18414,18301,18350,18182,18123,17857,17564,17496,17565,17946,18068,17663,17683,17537,17802,17453,17184,16865,16781,16961,17170,17133,17085,16823,16735,16908,16895,16913,16634,16384,
7,Tenerife,38,Santa Cruz de Tenerife,38026,La Orotava,1590,1622,1680,1743,1775,1720,1570,1572,1613,1763,1793,1835,1970,2025,2092,2124,2090,2037,1985,1931,2063,2076,2130,2176,2278,2292,2239,2262,2211,2139,2041,1966,2277,2287,2297,2303,2316,2344,2280,2238,2242,2186,2107,2101,2144,2180,2349,2374,2437,2462,2507,2556,2579,2528,2433,2426,2441,2446,2532,2551,2573,2597,2523,2575,2547,2442,2258,2146,2199,2231,2166,2144,2249,2242,2207,2138,2136,2119,2040,1995,2013,2037,2087,2042,2126,2112,2010,2035,1986,1906,1818,1801,1840,1856,1840,1850,1915,1934,1867,1878,1852,1826,1742,1714,1738,1704,1724,1752,1791,1768,1782,1709,1652,1670,1654,1634,1653,1687,1670,1675,1679,1674,1652,1666,1676,1617,
5,La Palma,38,Santa Cruz de Tenerife,38027,El Paso,664,678,691,724,730,732,734,732,753,782,799,806,854,894,920,912,913,887,866,856,872,846,878,859,904,903,920,924,937,932,931,916,887,898,873,865,886,883,873,867,860,871,919,882,853,853,922,925,971,975,1012,1031,1023,1039,1053,1038,1046,1058,1083,1072,1090,1066,1092,1073,1078,1063,1047,1002,1034,1052,1050,1018,997,1003,1008,1014,994,991,972,961,943,966,955,961,936,921,939,890,873,858,853,847,874,909,932,918,906,890,904,878,886,863,821,806,802,813,785,773,846,810,811,814,798,810,793,814,836,832,811,792,822,839,816,787,799,786,
7,Tenerife,38,Santa Cruz de Tenerife,38028,Puerto de la Cruz,1196,1180,1169,1201,1197,1115,1015,987,1075,1180,1231,1269,1444,1560,1599,1642,1662,1555,1439,1415,1474,1533,1566,1675,1769,1753,1668,1745,1752,1624,1484,1422,1683,1753,1769,1852,1888,1686,1649,1624,1686,1575,1469,1435,1442,1484,1568,1707,1838,1852,1821,1909,2022,1891,1753,1779,1798,1806,1860,1907,1950,1926,1919,1990,1978,1880,1737,1627,1719,1739,1682,1771,1847,1893,1839,1839,1839,1722,1667,1650,1645,1687,1710,1750,1868,1865,1757,1784,1749,1577,1429,1363,1407,1435,1439,1468,1551,1498,1429,1499,1406,1289,1175,1196,1265,1222,1327,1313,1467,1501,1443,1313,1289,1203,1186,1130,1171,1168,1303,1334,1392,1365,1273,1316,1264,1159,
5,La Palma,38,Santa Cruz de Tenerife,38029,Puntagorda,2976,3163,3320,3464,3560,3622,3483,3342,3540,3829,3941,4015,4255,4329,4489,4721,4713,4651,4506,4445,4603,4465,4458,4445,4650,4688,4629,4717,4649,4757,4663,4662,5081,5020,4976,4893,4990,4977,4893,4692,4650,4539,4491,4507,4530,4756,5044,4927,5159,5262,5383,5550,5703,5633,5496,5595,5577,5517,5498,5429,5593,5580,5547,5606,5667,5604,5431,5393,5417,5369,5238,5008,5064,5053,5079,5016,4922,4808,4876,4831,4825,4787,4851,4703,4697,4638,4532,4560,4463,4394,4262,4264,4350,4365,4383,4396,4350,4287,4193,4089,4032,4096,4023,4022,4055,4097,4167,3921,4063,4022,4034,3912,3850,3797,3697,3730,3770,3788,3693,3656,3641,3618,3507,3594,3619,3522,
5,La Palma,38,Santa Cruz de Tenerife,38030,Puntallana,195,194,208,203,209,195,210,195,208,213,229,182,193,192,188,187,183,184,190,190,170,171,180,194,195,188,211,212,206,222,218,208,207,208,171,168,166,177,178,165,166,179,189,192,180,173,202,203,208,211,215,214,237,236,237,238,226,238,253,254,255,259,265,255,246,257,259,242,234,235,231,237,230,249,250,249,241,235,225,230,218,218,221,212,220,189,191,197,177,173,166,186,181,198,205,215,200,196,201,204,206,182,173,187,187,201,179,193,171,176,176,180,187,185,186,188,176,196,207,196,204,200,197,192,172,184,
7,Tenerife,38,Santa Cruz de Tenerife,38031,Los Realejos,1616,1686,1682,1736,1783,1806,1785,1805,1834,1938,2000,2017,2157,2221,2317,2353,2337,2301,2280,2250,2278,2241,2268,2258,2279,2319,2386,2448,2390,2465,2438,2424,2376,2364,2322,2310,2329,2429,2443,2381,2321,2327,2381,2363,2367,2301,2406,2373,2482,2542,2607,2668,2721,2752,2752,2767,2804,2809,2799,2687,2765,2777,2780,2829,2807,2851,2812,2729,2742,2782,2806,2667,2646,2675,2732,2716,2676,2681,2668,2644,2670,2695,2660,2603,2556,2524,2499,2511,2486,2480,2423,2488,2464,2485,2492,2512,2474,2419,2425,2441,2488,2468,2392,2319,2324,2315,2329,2282,2299,2318,2333,2309,2281,2276,2316,2257,2307,2319,2204,2242,2241,2281,2230,2281,2267,2208,
7,Tenerife,38,Santa Cruz de Tenerife,38032,El Rosario,803,855,855,864,883,939,942,959,983,1013,1066,1067,1116,1205,1257,1269,1256,1275,1281,1298,1361,1359,1370,1355,1401,1410,1451,1460,1439,1473,1462,1499,1512,1546,1533,1505,1534,1566,1585,1568,1530,1523,1533,1507,1481,1541,1604,1607,1638,1682,1747,1787,1785,1754,1777,1776,1770,1813,1837,1806,1838,1852,1873,1897,1895,1886,1874,1866,1870,1876,1901,1803,1825,1810,1781,1787,1753,1742,1752,1760,1796,1780,1817,1752,1748,1726,1709,1625,1622,1605,1631,1645,1606,1653,1657,1640,1669,1622,1655,1648,1625,1619,1588,1580,1609,1672,1650,1592,1620,1594,1623,1525,1536,1520,1529,1538,1556,1580,1577,1519,1500,1522,1532,1510,1493,1464,
5,La Palma,38,Santa Cruz de Tenerife,38033,San Andrés y Sauces,145,153,159,163,161,168,167,161,178,186,203,165,154,161,170,149,162,157,155,164,160,167,158,173,191,190,202,193,203,204,196,191,193,210,197,189,197,197,215,196,209,215,208,213,208,232,261,268,271,279,277,280,281,282,278,259,263,278,288,281,283,280,282,280,279,277,277,256,256,269,277,270,271,280,291,291,292,283,298,296,285,261,269,254,272,275,250,259,262,260,253,242,250,260,261,255,251,242,253,246,240,223,218,212,215,211,203,201,215,203,210,206,214,207,199,188,197,205,200,203,205,179,183,180,169,177,
7,Tenerife,38,Santa Cruz de Tenerife,38034,San Juan de la Rambla,495,513,522,506,581,595,616,597,608,666,685,704,714,732,754,765,767,775,755,738,746,743,761,761,786,798,802,801,839,824,807,771,779,769,792,682,708,713,718,727,719,724,714,725,812,846,870,849,877,892,911,924,900,902,882,873,867,844,872,861,838,861,841,847,850,832,821,796,816,854,874,863,884,850,857,867,838,816,795,764,772,762,770,764,787,727,708,704,710,694,699,673,644,666,674,670,655,628,620,616,619,613,595,566,563,575,581,612,622,610,577,562,543,544,557,555,570,551,545,553,541,537,526,519,521,484,
7,Tenerife,38,Santa Cruz de Tenerife,38035,San Miguel de Abona,766,792,798,882,937,993,1080,1064,1077,1137,1242,1261,1362,1483,1582,1639,1729,1759,1740,1726,1731,1726,1776,1732,1715,1708,1676,1682,1715,1703,1682,1633,1711,1664,1621,1613,1633,1640,1628,1592,1613,1635,1661,1605,1575,1569,1633,1627,1636,1651,1662,1673,1706,1694,1652,1646,1662,1624,1693,1640,1672,1679,1648,1690,1708,1699,1679,1666,1662,1618,1577,1512,1511,1505,1496,1444,1472,1417,1449,1437,1470,1461,1482,1494,1517,1495,1466,1460,1461,1444,1411,1365,1371,1365,1382,1399,1377,1347,1335,1351,1372,1379,1365,1299,1320,1329,1359,1290,1320,1339,1376,1304,1306,1310,1271,1280,1266,1304,1265,1246,1261,1277,1297,1303,1321,1288,
4,La Gomera,38,Santa Cruz de Tenerife,38036,San Sebastián de la Gomera,551,523,549,605,516,533,512,562,581,590,689,682,775,735,783,819,742,731,684,669,689,716,820,813,932,893,858,851,811,702,625,568,609,637,678,973,982,989,941,867,674,614,702,679,693,761,980,1058,1181,1220,1209,1249,1279,1261,1276,1226,1216,1209,1126,1128,1195,1230,1235,1335,1381,1342,1285,1111,1008,972,951,948,1027,1018,1104,1155,1057,985,937,958,950,841,911,947,940,920,898,720,658,616,591,584,625,886,971,1001,1007,1011,974,991,964,772,723,652,616,640,675,930,1011,1001,949,901,859,822,709,566,547,566,579,615,722,867,850,760,743,729,
7,Tenerife,38,Santa Cruz de Tenerife,38037,Santa Cruz de la Palma,1467,1508,1527,1587,1616,1595,1488,1480,1530,1614,1724,1646,1760,1841,1858,1901,1915,1926,1871,1825,1857,1827,1856,1807,1855,1860,1934,1939,1946,2001,1945,1963,1903,1975,1996,1963,2007,2063,2091,2081,2043,1999,2068,2057,2047,2098,2176,2182,2223,2290,2361,2387,2445,2460,2440,2368,2344,2384,2403,2354,2455,2474,2478,2509,2491,2508,2467,2400,2406,2475,2468,2280,2299,2308,2346,2372,2372,2388,2319,2284,2295,2293,2256,2215,2161,2145,2132,2050,2030,1933,1926,1959,1987,2071,2086,2043,2034,2025,2036,2006,1989,1973,1902,1841,1860,1859,1854,1804,1871,1837,1855,1806,1747,1741,1724,1705,1773,1798,1731,1646,1647,1676,1679,1659,1690,1659,
5,La Palma,38,Santa Cruz de Tenerife,38038,Santa Cruz de Tenerife,14067,14730,15365,15927,16233,16566,16656,16765,17151,17898,18864,18976,20334,21409,22529,23328,23437,23379,23206,23541,23928,23815,23864,23769,24356,24817,25389,25746,25734,25660,25549,25541,25550,25677,25601,25046,25720,26151,26312,26153,25858,25801,25947,26118,25864,26407,26686,26419,27404,27870,28468,28823,29094,28797,28914,28780,29057,29263,29352,28670,29106,29476,29638,29889,29883,29503,29175,29139,28984,29056,28969,27633,27915,27699,28022,27804,27405,26934,26777,26822,27225,27056,26821,26077,25746,25583,25581,25182,25217,24997,24694,24663,24442,25116,25456,25196,24877,24767,24979,24899,24563,24333,24029,24093,24344,24566,24775,23875,24097,23608,24026,23664,23328,23117,23085,23240,23881,23835,23651,23078,22915,22885,22841,22645,22434,22114,
7,Tenerife,38,Santa Cruz de Tenerife,38039,Santa Úrsula,972,1001,1035,1096,1109,1151,1231,1252,1296,1361,1435,1508,1547,1589,1692,1718,1765,1728,1783,1823,1833,1781,1771,1814,1825,1844,1898,1922,1905,1934,1905,1904,1922,1900,1842,1826,1871,1904,1891,1880,1846,1882,1909,1938,1923,1953,2010,1987,2055,2087,2128,2117,2118,2134,2156,2192,2212,2198,2217,2221,2234,2240,2238,2241,2239,2221,2196,2194,2173,2195,2161,2098,2112,2131,2120,2085,2083,2094,2093,2094,2082,2019,2030,2008,2035,2016,1993,1961,1956,1968,1975,1969,1939,1959,1954,1955,1946,1933,1925,1902,1874,1845,1771,1767,1810,1810,1827,1775,1788,1796,1751,1722,1676,1659,1628,1655,1727,1690,1736,1718,1671,1654,1642,1645,1630,1561,
7,Tenerife,38,Santa Cruz de Tenerife,38040,Santiago del Teide,350,367,387,414,452,453,458,452,474,497,533,573,655,683,688,691,731,718,714,745,772,770,776,760,764,783,772,777,782,761,717,706,730,764,709,688,695,685,685,666,687,722,699,706,740,739,785,773,776,783,778,799,848,824,804,831,838,817,812,779,757,785,785,834,828,799,797,763,790,758,746,733,734,737,744,727,737,746,758,769,786,741,737,724,719,734,702,714,691,666,668,664,674,653,707,720,717,685,702,698,699,700,653,637,658,659,654,676,693,684,632,631,641,604,572,581,643,642,642,593,570,575,581,606,623,626,
7,Tenerife,38,Santa Cruz de Tenerife,38041,El Sauzal,497,505,546,565,580,598,614,623,662,689,747,746,787,844,881,912,932,957,956,999,992,989,994,977,1016,1031,1021,1046,1051,1070,1076,1067,1017,1007,988,1006,1052,1037,1027,997,987,998,1034,1035,1037,1081,1122,1132,1159,1188,1181,1204,1229,1228,1241,1226,1249,1291,1287,1274,1290,1318,1317,1326,1330,1331,1299,1273,1277,1283,1297,1245,1264,1276,1283,1286,1268,1248,1281,1268,1270,1226,1229,1215,1188,1178,1140,1075,1062,1038,1034,1027,1029,1042,1054,1070,1079,1061,1052,1063,1062,1065,1025,1011,1043,1047,1016,1022,1056,996,1014,980,955,943,933,951,989,987,965,952,952,933,902,887,859,835,
7,Tenerife,38,Santa Cruz de Tenerife,38042,Los Silos,2832,2955,3110,3221,3535,3668,3777,3787,3891,4054,4247,4352,4549,4786,4889,5080,5170,5182,5177,5231,5218,5108,5136,5187,5288,5307,5443,5508,5533,5578,5439,5454,5424,5447,5319,5215,5269,5348,5393,5388,5256,5268,5350,5373,5372,5394,5600,5525,5719,5833,5946,6043,6191,6176,6176,6182,6127,6085,6076,6017,6057,6110,6111,6222,6257,6208,6183,6067,6045,6015,5967,5799,5807,5776,5871,5879,5825,5715,5699,5637,5630,5589,5569,5448,5424,5419,5387,5223,5255,5153,5130,5054,4997,5067,5062,5018,5076,5014,4947,4891,4843,4766,4687,4605,4577,4643,4653,4571,4572,4590,4639,4451,4290,4254,4272,4286,4345,4389,4371,4303,4238,4218,4207,4224,4189,4119,
7,Tenerife,38,Santa Cruz de Tenerife,38043,Tacoronte,1565,1631,1719,1787,1834,1911,1880,1894,1989,2196,2265,2305,2444,2559,2690,2821,2928,2947,2943,2926,2955,2987,2988,3028,3104,3145,3235,3254,3301,3316,3213,3283,3223,3239,3185,3196,3277,3275,3231,3248,3164,3207,3243,3197,3230,3339,3489,3489,3612,3657,3712,3740,3754,3753,3763,3747,3725,3713,3753,3716,3721,3766,3758,3790,3802,3810,3840,3799,3744,3768,3831,3683,3602,3622,3671,3653,3594,3523,3558,3494,3498,3474,3503,3471,3475,3448,3431,3302,3221,3228,3201,3179,3142,3209,3208,3192,3213,3173,3172,3153,3146,3149,3072,3064,3066,3076,3100,3012,3104,3114,3115,3031,2990,2943,2952,2947,3024,3035,2981,2941,2864,2819,2797,2762,2772,2714,
7,Tenerife,38,Santa Cruz de Tenerife,38044,El Tanque,231,238,246,266,311,327,345,347,362,393,413,416,428,419,418,453,476,472,479,444,427,413,412,409,408,413,445,443,436,448,429,427,427,446,417,410,428,416,412,390,376,384,379,383,384,391,450,442,462,462,452,461,475,459,441,443,431,422,423,415,411,405,411,411,411,394,399,393,390,399,392,386,376,374,371,361,366,359,369,358,353,324,320,315,338,317,321,338,330,320,297,332,320,310,306,317,315,299,313,319,315,291,295,297,289,285,290,310,297,293,294,291,290,288,305,299,311,302,290,279,287,281,299,308,313,317,
5,La Palma,38,Santa Cruz de Tenerife,38045,Tazacorte,547,566,561,588,589,577,561,554,559,604,627,629,640,675,671,674,680,674,661,630,625,649,646,640,652,674,694,696,699,717,710,695,665,642,624,632,637,624,634,592,558,563,622,643,660,651,660,644,659,662,667,675,718,723,716,739,745,723,725,720,714,735,735,751,748,752,744,727,708,720,714,704,715,716,735,723,724,717,705,716,709,698,693,689,666,668,650,653,651,645,628,630,638,668,661,654,656,639,643,624,610,596,582,578,586,580,591,583,578,568,571,563,569,564,566,559,582,598,581,568,574,586,583,571,574,613,
7,Tenerife,38,Santa Cruz de Tenerife,38046,Tegueste,528,575,594,623,636,674,654,653,653,662,708,706,728,765,791,822,853,875,922,896,902,894,898,955,1016,1080,1098,1106,1120,1127,1130,1156,1214,1177,1132,1138,1183,1182,1180,1146,1156,1166,1195,1210,1210,1196,1265,1246,1276,1304,1342,1364,1365,1366,1412,1395,1395,1384,1420,1389,1395,1422,1439,1435,1424,1427,1425,1402,1340,1379,1368,1322,1326,1336,1333,1313,1287,1283,1313,1299,1319,1287,1274,1244,1236,1194,1183,1201,1210,1182,1198,1224,1226,1256,1256,1243,1194,1190,1183,1215,1220,1172,1142,1186,1154,1173,1148,1123,1152,1138,1094,1068,1054,1064,1082,1059,1105,1091,1094,1091,1106,1067,1039,1008,1013,971,
5,La Palma,38,Santa Cruz de Tenerife,38047,Tijarafe,214,213,198,207,207,201,206,203,200,231,258,248,260,266,269,266,257,264,256,248,248,263,268,279,278,285,283,277,269,266,270,268,265,264,251,260,249,255,252,240,226,234,238,248,239,244,310,309,313,302,299,298,298,302,306,306,312,313,322,316,331,326,326,312,313,314,298,276,271,293,304,311,298,299,293,282,289,284,275,268,265,291,304,303,295,284,255,265,275,287,251,251,269,269,285,278,278,275,281,274,275,273,255,242,242,258,258,255,254,248,230,224,220,229,230,213,243,252,247,266,260,273,260,254,261,252,
1,El Hierro,38,Santa Cruz de Tenerife,38048,Valverde,275,252,252,250,263,284,277,284,275,299,307,293,355,365,343,351,346,343,340,327,320,323,330,335,385,382,386,361,375,401,397,409,420,450,392,384,430,449,422,367,337,376,390,398,408,471,526,526,588,589,624,635,630,599,600,601,577,577,583,550,597,588,605,651,660,617,581,601,550,568,577,571,588,586,608,614,614,609,606,606,593,525,518,525,518,494,439,471,461,454,430,452,487,514,513,557,541,511,498,493,492,489,478,478,491,488,485,470,467,473,444,405,402,360,407,414,411,444,442,399,420,413,403,399,371,368,
4,La Gomera,38,Santa Cruz de Tenerife,38049,Valle Gran Rey,267,274,264,244,255,254,252,249,253,289,294,269,291,305,316,313,266,263,276,295,315,308,340,346,350,343,338,367,380,334,325,245,246,263,258,328,362,377,342,310,253,268,293,294,305,323,390,385,400,407,397,402,414,422,412,371,379,363,344,337,383,386,400,439,432,423,396,348,331,325,316,335,385,376,390,380,359,347,311,310,289,272,283,319,351,341,346,264,250,243,231,244,259,306,319,332,320,335,329,357,359,269,258,245,235,246,242,322,350,355,351,307,317,314,270,212,215,225,225,197,225,275,268,286,299,308,
4,La Gomera,38,Santa Cruz de Tenerife,38050,Vallehermoso,210,216,151,155,175,175,191,193,220,270,274,240,247,254,262,270,202,190,180,170,185,170,231,240,311,316,315,342,337,253,238,184,189,207,199,323,344,349,323,286,212,212,213,215,207,272,375,385,402,398,389,383,387,387,382,367,375,361,347,346,342,349,339,376,374,351,334,309,275,284,298,314,332,357,362,349,305,283,240,241,256,234,244,282,310,316,308,250,222,199,191,183,190,286,304,340,333,334,339,344,341,269,230,206,210,218,234,311,327,326,315,279,261,250,209,161,163,171,193,200,250,279,280,283,285,279,
7,Tenerife,38,Santa Cruz de Tenerife,38051,La Victoria de Acentejo,2523,2653,2812,2997,3137,3242,3348,3421,3523,3766,3993,4092,4352,4545,4788,4886,4856,4928,4946,4941,4905,4883,4927,4992,4982,5121,5212,5245,5233,5278,5158,5197,5224,5281,5156,5097,5212,5338,5396,5283,5200,5224,5304,5329,5260,5359,5490,5473,5607,5744,5845,5965,6072,6078,6090,6088,6070,6038,6081,6096,6174,6212,6219,6337,6351,6264,6231,6182,6204,6237,6219,6025,6042,6066,6118,6085,6011,5877,5946,5878,5923,5915,5849,5668,5683,5660,5661,5385,5409,5282,5278,5266,5320,5387,5463,5401,5410,5382,5400,5278,5123,5105,4957,4947,4958,4993,5037,4928,4965,4924,4952,4782,4656,4538,4578,4644,4742,4759,4813,4691,4721,4676,4622,4584,4447,4441,
7,Tenerife,38,Santa Cruz de Tenerife,38052,Vilaflor,95,94,94,98,95,99,100,101,99,110,113,110,135,154,173,179,166,169,169,161,154,155,158,151,156,164,170,167,170,164,171,173,186,163,153,138,142,141,143,124,112,154,169,175,168,163,189,197,194,193,185,185,200,204,195,193,186,183,196,196,192,195,196,197,199,202,189,181,161,165,168,176,176,172,182,172,172,170,175,176,172,157,148,155,160,155,162,161,150,154,146,143,134,134,136,135,139,143,148,145,143,139,124,121,115,111,122,117,130,120,130,133,129,133,128,148,131,136,135,131,121,121,127,114,116,119,
5,La Palma,38,Santa Cruz de Tenerife,38053,Villa de Mazo,390,378,377,401,403,412,442,436,429,457,441,445,455,456,460,491,490,505,484,488,487,461,481,476,520,515,517,533,530,515,502,525,540,558,552,535,552,567,570,555,548,544,547,537,513,542,581,591,608,592,636,628,641,646,623,598,615,629,645,594,636,643,649,666,668,673,668,654,650,682,668,633,641,643,641,632,629,632,637,628,636,631,643,619,652,640,622,598,591,583,573,572,575,602,603,582,561,570,562,547,549,551,518,504,525,527,496,494,516,500,499,503,500,487,464,468,482,488,468,437,446,456,448,443,444,442,
1,El Hierro,38,Santa Cruz de Tenerife,38901,El Pinar de El Hierro, .,.,94,96,105,92,84,78,83,93,101,107,108,105,99,98,100,96,98,84,82,80,86,94,135,128,112,115,117,104,113,124,134,144,125,127,133,139,138,116,126,143,145,141,142,164,194,175,178,179,180,210,215,209,200,190,198,178,189,185,192,204,211,222,230,217,191,174,170,173,184,182,171,192,196,198,205,209,205,190,168,169,172,161,158,158,156,135,142,152,139,132,141,180,186,181,191,195,194,190,191,167,145,148,152,149,151,160,170,171,155,134,122,119,123,139,138,153,146,121,134,122,122,131,127,124,
